,대구분,소구분,역명,위도,경도
0,지하철,5호선,미사,37.560927,127.193877
1,지하철,5호선,강일,37.55749,127.17593
2,지하철,수도권 광역급행철도,동탄,37.20034,127.09569
3,지하철,수도권 광역급행철도,구성,37.29913,127.10389
4,지하철,수도권 광역급행철도,성남,37.39467,127.12058
5,지하철,수도권 광역급행철도,수서,37.48637,127.10161
6,지하철,수도권 광역급행철도,삼성,37.50887,127.06324
7,지하철,수도권 광역급행철도,서울,37.55569,126.97296
8,지하철,수도권 광역급행철도,연신내,37.61878,126.9213
9,지하철,수도권 광역급행철도,대곡,37.63191,126.81113
10,지하철,수도권 광역급행철도,킨텍스,37.66532,126.74843
11,지하철,수도권 광역급행철도,운정,37.71614,126.72841
12,지하철,김포골드라인,김포공항,37.56236,126.801868
13,지하철,김포골드라인,고촌,37.601243,126.770345
14,지하철,김포골드라인,풍무,37.612488,126.732387
15,지하철,김포골드라인,사우(김포시청),37.620249,126.719731
16,지하철,김포골드라인,걸포북변,37.63165,126.705975
17,지하철,김포골드라인,운양,37.653867,126.68393
18,지하철,김포골드라인,장기,37.643986,126.669017
19,지하철,김포골드라인,마산,37.640732,126.644344
20,지하철,김포골드라인,구래,37.645384,126.628633
21,지하철,김포골드라인,양촌,37.642379,126.614309
22,지하철,서해선,원시,37.302371,126.786691
23,지하철,서해선,원곡,37.31321,126.796261
24,지하철,서해선,초지,37.319619,126.808147
25,지하철,서해선,선부,37.334353,126.809904
26,지하철,서해선,달미,37.348847,126.809409
27,지하철,서해선,시흥능곡,37.369864,126.808573
28,지하철,서해선,시흥시청,37.382223,126.805625
29,지하철,서해선,신현,37.409008,126.788017
30,지하철,서해선,신천,37.439066,126.786788
31,지하철,서해선,시흥대야,37.450145,126.793041
32,지하철,서해선,소새울,37.468467,126.797252
33,지하철,서해선,소사,37.483279,126.795023
34,지하철,우이신설선,신설동,37.576095,127.023242
35,지하철,우이신설선,보문,37.585286,127.019381
36,지하철,우이신설선,성신여대입구(돈암),37.592467,127.016516
37,지하철,우이신설선,정릉,37.603133,127.013396
38,지하철,우이신설선,북한산보국문,37.612072,127.008251
39,지하철,우이신설선,솔샘,37.620238,127.013626
40,지하철,우이신설선,삼양사거리,37.621337,127.020473
41,지하철,우이신설선,삼양,37.626914,127.018106
42,지하철,우이신설선,화계,37.634133,127.017511
43,지하철,우이신설선,가오리,37.641537,127.016789
44,지하철,우이신설선,4.19민주묘지,37.649502,127.013684
45,지하철,우이신설선,솔밭공원,37.65603,127.013273
46,지하철,우이신설선,북한산우이,37.662909,127.012706
47,지하철,의정부선,탑석,37.733579,127.088704
48,지하철,의정부선,송산,37.737279,127.087159
49,지하철,의정부선,어룡,37.742802,127.085035
50,지하철,의정부선,곤제,37.750471,127.083715
51,지하철,의정부선,효자,37.754025,127.076902
52,지하철,의정부선,경기도청북부청사,37.75059,127.071495
53,지하철,의정부선,새말,37.748885,127.06362
54,지하철,의정부선,동오,37.745271,127.056947
55,지하철,의정부선,의정부중앙,37.743676,127.049565
56,지하철,의정부선,흥선,37.743302,127.037023
57,지하철,의정부선,의정부시청,37.739256,127.034781
58,지하철,의정부선,경전철의정부,37.737202,127.043257
59,지하철,의정부선,범골,37.728755,127.04353
60,지하철,의정부선,회룡,37.725006,127.047073
61,지하철,의정부선,발곡,37.727048,127.052803
62,지하철,에버라인선,전대.에버랜드,37.285342,127.219561
63,지하철,에버라인선,둔전,37.267051,127.21364
64,지하철,에버라인선,보평,37.258965,127.218457
65,지하철,에버라인선,고진,37.24484,127.214251
66,지하철,에버라인선,운동장.송담대,37.237845,127.209198
67,지하철,에버라인선,김량장,37.237247,127.198781
68,지하철,에버라인선,명지대,37.237964,127.190294
69,지하철,에버라인선,시청.용인대,37.239151,127.178406
70,지하철,에버라인선,삼가,37.242115,127.168075
71,지하철,에버라인선,초당,37.260752,127.159443
72,지하철,에버라인선,동백,37.269043,127.152716
73,지하철,에버라인선,어정,37.274917,127.143714
74,지하철,에버라인선,지석,37.269606,127.136515
75,지하철,에버라인선,강남대,37.270161,127.126033
76,지하철,에버라인선,기흥,37.275449,127.116665
77,지하철,신림선,관악산(서울대),37.4691018,126.9450639
78,지하철,신림선,서울대벤처타운,37.4720019,126.9339351
79,지하철,신림선,서원,37.4782341,126.9330365
80,지하철,신림선,신림,37.4849266,126.9296159
81,지하철,신림선,당곡,37.4902998,126.9275133
82,지하철,신림선,보라매병원,37.4929598,126.9234964
83,지하철,신림선,보라매공원,37.4955691,126.9180827
84,지하철,신림선,보라매,37.5002739,126.9204355
85,지하철,신림선,서울지방병무청,37.5060464,126.9227083
86,지하철,신림선,대방,37.5133059,126.9257265
87,지하철,신림선,샛강,37.5170969,126.929399
88,지하철,신분당선(연장),광교(경기대),37.30211,127.044483
89,지하철,신분당선(연장),광교중앙(아주대),37.288617,127.051478
90,지하철,신분당선(연장),상현,37.297664,127.069342
91,지하철,신분당선(연장),성복,37.313335,127.0801
92,지하철,신분당선(연장),수지구청,37.322702,127.095026
93,지하철,신분당선(연장),동천,37.337928,127.102976
94,지하철,신분당선(연장),미금,37.349982,127.108918
95,지하철,신분당선,정자,37.367098,127.108403
96,지하철,신분당선,판교,37.394761,127.112217
97,지하철,신분당선,청계산입구,37.447211,127.055664
98,지하철,신분당선,양재시민의숲(매헌),37.470023,127.03842
99,지하철,신분당선,양재(서초구청),37.483809,127.034653
100,지하철,신분당선,강남,37.496837,127.028104
101,지하철,신분당선(연장2),신논현,37.504598,127.02506
102,지하철,신분당선(연장2),논현,37.511093,127.021415
103,지하철,신분당선(연장2),신사,37.516334,127.020114
104,지하철,공항철도1호선,영종,37.51202,126.524254
105,지하철,공항철도1호선,인천공항2터미널,37.460699,126.441442
106,지하철,공항철도1호선,인천공항1터미널,37.447464,126.452508
107,지하철,공항철도1호선,공항화물청사,37.459041,126.477516
108,지하철,공항철도1호선,운서,37.492904,126.49379
109,지하철,공항철도1호선,청라국제도시,37.556409,126.624648
110,지하철,공항철도1호선,검암,37.569098,126.674007
111,지하철,공항철도1호선,계양,37.571662,126.7363
112,지하철,공항철도1호선,김포공항,37.561842,126.801904
113,지하철,공항철도1호선,마곡나루,37.565543,126.827378
114,지하철,공항철도1호선,디지털미디어시티,37.576958,126.898609
115,지하철,공항철도1호선,홍대입구,37.557438,126.926715
116,지하철,공항철도1호선,공덕,37.54253,126.952024
117,지하철,공항철도1호선,서울역,37.553247,126.969769
118,지하철,9호선(연장),중앙보훈병원,37.529191,127.148739
119,지하철,9호선(연장),둔촌오륜,37.519683,127.137989
120,지하철,9호선(연장),올림픽공원(한국체대),37.516269,127.130288
121,지하철,9호선(연장),한성백제,37.516404,127.116503
122,지하철,9호선(연장),송파나루,37.510372,127.112216
123,지하철,9호선(연장),석촌,37.505208,127.10704
124,지하철,9호선(연장),석촌고분,37.502558,127.097033
125,지하철,9호선(연장),삼전,37.504738,127.088025
126,지하철,9호선(연장),종합운동장,37.511426,127.076275
127,지하철,9호선(연장),봉은사,37.514219,127.060245
128,지하철,9호선(연장),삼성중앙,37.513011,127.053282
129,지하철,9호선(연장),선정릉,37.510297,127.043999
130,지하철,9호선(연장),언주,37.507287,127.033868
131,지하철,9호선,신논현,37.504598,127.02506
132,지하철,9호선,사평,37.504206,127.015259
133,지하철,9호선,고속터미널,37.50598,127.004403
134,지하철,9호선,신반포,37.503415,126.995925
135,지하철,9호선,구반포,37.501364,126.987332
136,지하철,9호선,동작(현충원),37.502878,126.978153
137,지하철,9호선,흑석(중앙대입구),37.50877,126.963708
138,지하철,9호선,노들,37.512887,126.953222
139,지하철,9호선,노량진,37.513534,126.941005
140,지하철,9호선,샛강,37.517274,126.928422
141,지하철,9호선,여의도,37.52176,126.92403
142,지하철,9호선,국회의사당,37.528105,126.917874
143,지하철,9호선,당산,37.533406,126.902809
144,지하철,9호선,선유도,37.53802,126.893525
145,지하철,9호선,신목동,37.544277,126.88308
146,지하철,9호선,염창,37.546936,126.874916
147,지하철,9호선,등촌,37.550632,126.865689
148,지하철,9호선,증미,37.557402,126.861939
149,지하철,9호선,가양,37.561391,126.854456
150,지하철,9호선,양천향교,37.568381,126.841333
151,지하철,9호선,마곡나루,37.566778,126.82731
152,지하철,9호선,신방화,37.567532,126.816601
153,지하철,9호선,공항시장,37.563726,126.810678
154,지하철,9호선,김포공항,37.561916,126.802152
155,지하철,9호선,개화,37.578608,126.798153
156,지하철,7호선,석남(거북시장),37.5062285,126.6762813
157,지하철,7호선,산곡,37.5086,126.7035277
158,지하철,7호선(인천),부평구청,37.50848,126.72077
159,지하철,7호선(인천),굴포천,37.50681,126.73234
160,지하철,7호선(인천),삼산체육관,37.50724,126.74179
161,지하철,7호선(인천),상동,37.505814,126.753163
162,지하철,7호선(인천),부천시청,37.50444,126.76364
163,지하철,7호선(인천),신중동,37.50282,126.77566
164,지하철,7호선(인천),춘의,37.50365,126.78828
165,지하철,7호선(인천),부천종합운동장,37.50502,126.79661
166,지하철,7호선(인천),까치울,37.50613,126.81093
167,지하철,인천2호선,운연(서창),37.440127,126.75997
168,지하철,인천2호선,인천대공원,37.448769,126.752618
169,지하철,인천2호선,남동구청,37.448161,126.736939
170,지하철,인천2호선,만수,37.454911,126.732094
171,지하철,인천2호선,모래내시장,37.45583,126.719298
172,지하철,인천2호선,석천사거리,37.456805,126.709986
173,지하철,인천2호선,인천시청,37.456833,126.701306
174,지하철,인천2호선,석바위시장,37.457611,126.692575
175,지하철,인천2호선,시민공원(문화창작지대),37.458335,126.681192
176,지하철,인천2호선,주안,37.464992,126.679098
177,지하철,인천2호선,주안국가산단,37.473703,126.68113
178,지하철,인천2호선,가재울,37.484192,126.683673
179,지하철,인천2호선,인천가좌,37.4897,126.675208
180,지하철,인천2호선,서부여성회관,37.500168,126.675795
181,지하철,인천2호선,석남(거북시장),37.506193,126.676203
182,지하철,인천2호선,가정중앙시장,37.517054,126.676672
183,지하철,인천2호선,가정(루원시티),37.524649,126.675539
184,지하철,인천2호선,서구청,37.543742,126.676787
185,지하철,인천2호선,아시아드경기장(공촌사거리),37.5517,126.677122
186,지하철,인천2호선,검바위,37.561405,126.677566
187,지하철,인천2호선,검암,37.56866,126.675687
188,지하철,인천2호선,독정,37.585212,126.675844
189,지하철,인천2호선,완정,37.592928,126.673203
190,지하철,인천2호선,마전,37.597566,126.666998
191,지하철,인천2호선,검단사거리,37.60185,126.657108
192,지하철,인천2호선,왕길,37.59518,126.642696
193,지하철,인천2호선,검단오류(검단산업단지),37.594877,126.627178
194,지하철,인천1호선,송도달빛축제공원,37.407143,126.62597
195,지하철,인천1호선,국제업무지구,37.399907,126.630347
196,지하철,인천1호선,센트럴파크,37.393054,126.634729
197,지하철,인천1호선,인천대입구,37.386007,126.639484
198,지하철,인천1호선,지식정보단지,37.378384,126.645168
199,지하철,인천1호선,테크노파크,37.382268,126.656365
200,지하철,인천1호선,캠퍼스타운,37.387855,126.661673
201,지하철,인천1호선,동막,37.397878,126.674005
202,지하철,인천1호선,동춘,37.404737,126.681015
203,지하철,인천1호선,원인재,37.412333,126.687869
204,지하철,인천1호선,신연수,37.41804,126.693863
205,지하철,인천1호선,선학,37.426684,126.698863
206,지하철,인천1호선,문학경기장,37.434935,126.698579
207,지하철,인천1호선,인천터미널,37.442383,126.699706
208,지하철,인천1호선,예술회관,37.449396,126.701012
209,지하철,인천1호선,인천시청,37.457263,126.702143
210,지하철,인천1호선,간석오거리,37.467048,126.707938
211,지하철,인천1호선,부평삼거리,37.477679,126.710208
212,지하철,인천1호선,동수,37.485312,126.718247
213,지하철,인천1호선,부평,37.490535,126.723453
214,지하철,인천1호선,부평시장,37.498383,126.722244
215,지하철,인천1호선,부평구청,37.508407,126.720555
216,지하철,인천1호선,갈산,37.517268,126.721514
217,지하철,인천1호선,작전,37.530415,126.722527
218,지하철,인천1호선,경인교대입구,37.538157,126.722597
219,지하철,인천1호선,계산,37.543238,126.728128
220,지하철,인천1호선,임학,37.545059,126.738665
221,지하철,인천1호선,박촌,37.553703,126.745077
222,지하철,인천1호선,귤현,37.566379,126.742654
223,지하철,인천1호선,계양,37.571449,126.73578
224,지하철,8호선,남위례,37.4624,127.13977
225,지하철,8호선,모란,37.433824,127.129837
226,지하철,8호선,수진,37.437428,127.140722
227,지하철,8호선,신흥,37.440918,127.147564
228,지하철,8호선,단대오거리,37.44521,127.156866
229,지하철,8호선,남한산성입구(성남법원.검찰청),37.451535,127.159816
230,지하철,8호선,산성,37.457122,127.149908
231,지하철,8호선,복정,37.471052,127.126732
232,지하철,8호선,장지,37.478703,127.126191
233,지하철,8호선,문정,37.485855,127.1225
234,지하철,8호선,가락시장,37.492888,127.118398
235,지하철,8호선,송파,37.499703,127.112183
236,지하철,8호선,석촌,37.505557,127.106832
237,지하철,8호선,잠실(송파구청),37.514692,127.104338
238,지하철,8호선,몽촌토성(평화의문),37.517409,127.112359
239,지하철,8호선,강동구청,37.530341,127.120508
240,지하철,8호선,천호(풍납토성),37.538113,127.123254
241,지하철,8호선,암사,37.55021,127.127562
242,지하철,8호선,암사역사공원,37.55695,127.13702
243,지하철,별내선,장자호수공원,37.58738,127.13794
244,지하철,별내선,구리,37.60262,127.1407
245,지하철,별내선,동구릉,37.61105,127.13793
246,지하철,별내선,다산,37.62429,127.14973
247,지하철,별내선,별내,37.64232,127.1276
248,지하철,7호선,부평구청,37.507394,126.721599
249,지하철,7호선,굴포천,37.506997,126.73128
250,지하철,7호선,삼산체육관,37.506411,126.742153
251,지하철,7호선,상동,37.505781,126.753083
252,지하철,7호선,부천시청,37.504631,126.763538
253,지하철,7호선,신중동,37.503048,126.77596
254,지하철,7호선,춘의,37.503663,126.787036
255,지하철,7호선,부천종합운동장,37.50538,126.797337
256,지하철,7호선,까치울,37.506207,126.810939
257,지하철,7호선,온수(성공회대입구),37.492092,126.823023
258,지하철,7호선,천왕,37.486637,126.838713
259,지하철,7호선,광명사거리,37.479252,126.854876
260,지하철,7호선,철산,37.47605,126.867911
261,지하철,7호선,가산디지털단지,37.480338,126.882656
262,지하철,7호선,남구로,37.486056,126.887249
263,지하철,7호선,대림(구로구청),37.493013,126.897075
264,지하철,7호선,신풍,37.50008,126.90993
265,지하철,7호선,보라매,37.499872,126.920428
266,지하철,7호선,신대방삼거리,37.499701,126.928276
267,지하철,7호선,장승배기,37.504898,126.93915
268,지하철,7호선,상도,37.502834,126.94791
269,지하철,7호선,숭실대입구(살피재),37.496029,126.953822
270,지하철,7호선,남성,37.484596,126.971251
271,지하철,7호선,이수,37.485196,126.981605
272,지하철,7호선,내방,37.487618,126.993513
273,지하철,7호선,고속터미널,37.503367,127.005068
274,지하철,7호선,반포,37.508178,127.011727
275,지하철,7호선,논현,37.511093,127.021415
276,지하철,7호선,학동,37.514229,127.031656
277,지하철,7호선,강남구청,37.517179,127.041255
278,지하철,7호선,청담,37.519365,127.05335
279,지하철,7호선,뚝섬유원지,37.53154,127.066704
280,지하철,7호선,건대입구,37.540786,127.071011
281,지하철,7호선,어린이대공원(세종대),37.548014,127.074658
282,지하철,7호선,군자(능동),37.556897,127.079338
283,지하철,7호선,중곡,37.565923,127.08432
284,지하철,7호선,용마산,37.573647,127.086727
285,지하철,7호선,사가정,37.580894,127.088478
286,지하철,7호선,면목,37.588579,127.087503
287,지하철,7호선,상봉(시외버스터미널),37.595577,127.085716
288,지하철,7호선,중화,37.602545,127.079264
289,지하철,7호선,먹골,37.610637,127.077725
290,지하철,7호선,태릉입구,37.618294,127.075397
291,지하철,7호선,공릉(서울과학기술대),37.625742,127.072896
292,지하철,7호선,하계,37.636352,127.06799
293,지하철,7호선,중계,37.644583,127.064303
294,지하철,7호선,노원,37.654836,127.060462
295,지하철,7호선,마들,37.66494,127.057675
296,지하철,7호선,수락산,37.67785,127.055315
297,지하철,7호선,도봉산,37.689241,127.046509
298,지하철,7호선,장암,37.700109,127.053196
299,지하철,6호선,신내,37.613174,127.102231
300,지하철,6호선,봉화산(서울의료원),37.617283,127.091401
301,지하철,6호선,화랑대(서울여대입구),37.620064,127.084689
302,지하철,6호선,태릉입구,37.617338,127.074735
303,지하철,6호선,석계,37.614872,127.065595
304,지하철,6호선,돌곶이,37.610537,127.056431
305,지하철,6호선,상월곡(한국과학기술연구원),37.606377,127.048491
306,지하철,6호선,월곡(동덕여대),37.601948,127.041518
307,지하철,6호선,고려대(종암),37.590508,127.036296
308,지하철,6호선,안암(고대병원앞),37.586272,127.029005
309,지하철,6호선,보문,37.585274,127.019351
310,지하철,6호선,창신,37.579661,127.015241
311,지하철,6호선,동묘앞,37.572279,127.015653
312,지하철,6호선,신당,37.566154,127.016146
313,지하철,6호선,청구,37.560608,127.013986
314,지하철,6호선,약수,37.554263,127.010358
315,지하철,6호선,버티고개,37.548013,127.007055
316,지하철,6호선,한강진,37.539631,127.001725
317,지하철,6호선,이태원,37.534488,126.994302
318,지하철,6호선,녹사평(용산구청),37.534675,126.986695
319,지하철,6호선,삼각지,37.535534,126.974032
320,지하철,6호선,효창공원앞,37.539233,126.961384
321,지하철,6호선,공덕,37.543555,126.951678
322,지하철,6호선,대흥(서강대앞),37.547771,126.942069
323,지하철,6호선,광흥창(서강),37.547456,126.931993
324,지하철,6호선,상수,37.547716,126.922852
325,지하철,6호선,합정,37.549209,126.913366
326,지하철,6호선,망원,37.556094,126.910052
327,지하철,6호선,마포구청,37.563515,126.903343
328,지하철,6호선,월드컵경기장(성산),37.569532,126.899298
329,지하철,6호선,디지털미디어시티,37.576108,126.901391
330,지하철,6호선,증산(명지대앞),37.583876,126.909645
331,지하철,6호선,새절(신사),37.591148,126.913629
332,지하철,6호선,구산,37.611377,126.91727
333,지하철,6호선,연신내,37.618636,126.920625
334,지하철,6호선,독바위,37.618456,126.933031
335,지하철,6호선,불광,37.610873,126.92939
336,지하철,6호선,역촌,37.606021,126.922744
337,지하철,6호선,응암,37.598605,126.915577
338,지하철,5호선,하남시청(덕풍-신장),37.54205,127.20612
339,지하철,5호선,하남검단산,37.53972,127.22345
340,지하철,5호선,하남풍산,37.552034,127.203864
341,지하철,5호선,미사,37.560927,127.193877
342,지하철,5호선,강일,37.55749,127.17593
343,지하철,5호선,마천,37.49499,127.152781
344,지하철,5호선,거여,37.493105,127.14415
345,지하철,5호선,개롱,37.498079,127.13482
346,지하철,5호선,오금,37.502057,127.127938
347,지하철,5호선,방이,37.508857,127.126133
348,지하철,5호선,올림픽공원(한국체대),37.516201,127.130923
349,지하철,5호선,둔촌동,37.527788,127.136248
350,지하철,5호선,상일동,37.556712,127.166417
351,지하철,5호선,고덕,37.555004,127.154151
352,지하철,5호선,명일,37.55137,127.143999
353,지하철,5호선,굽은다리(강동구민회관앞),37.545477,127.142853
354,지하철,5호선,길동,37.537801,127.140004
355,지하철,5호선,강동,37.535804,127.132481
356,지하철,5호선,천호(풍납토성),37.53864,127.123308
357,지하철,5호선,광나루(장신대),37.545303,127.10357
358,지하철,5호선,아차산(어린이대공원후문),37.551691,127.089761
359,지하철,5호선,군자(능동),37.557088,127.079577
360,지하철,5호선,장한평,37.56144,127.064623
361,지하철,5호선,답십리,37.566747,127.052704
362,지하철,5호선,마장,37.5661,127.042973
363,지하철,5호선,왕십리(성동구청),37.56184,127.037059
364,지하철,5호선,행당,37.557322,127.029476
365,지하철,5호선,신금호,37.554548,127.020331
366,지하철,5호선,청구,37.560276,127.013639
367,지하철,5호선,동대문역사문화공원,37.564665,127.005353
368,지하철,5호선,을지로4가,37.567352,126.998032
369,지하철,5호선,종로3가,37.57254,126.990305
370,지하철,5호선,광화문(세종문화회관),37.571525,126.97717
371,지하철,5호선,서대문,37.565773,126.966641
372,지하철,5호선,충정로(경기대입구),37.560236,126.9629
373,지하철,5호선,애오개,37.553736,126.95682
374,지하철,5호선,공덕,37.544431,126.951372
375,지하철,5호선,마포,37.539574,126.945932
376,지하철,5호선,여의나루,37.527098,126.932901
377,지하철,5호선,여의도,37.521747,126.924357
378,지하철,5호선,신길,37.517623,126.914839
379,지하철,5호선,영등포시장,37.522669,126.905139
380,지하철,5호선,영등포구청,37.5242,126.89503
381,지하철,5호선,양평,37.525569,126.886129
382,지하철,5호선,오목교(목동운동장앞),37.524496,126.875181
383,지하철,5호선,목동,37.526065,126.864931
384,지하철,5호선,신정(은행정),37.524997,126.856191
385,지하철,5호선,까치산,37.531768,126.846683
386,지하철,5호선,화곡,37.541513,126.840461
387,지하철,5호선,우장산,37.548768,126.836318
388,지하철,5호선,발산,37.558598,126.837668
389,지하철,5호선,마곡,37.560183,126.825448
390,지하철,5호선,송정,37.561184,126.811973
391,지하철,5호선,김포공항,37.562384,126.801292
392,지하철,5호선,개화산,37.572399,126.806171
393,지하철,5호선,방화,37.577446,126.812741
394,지하철,서해선,부천종합운동장,37.505457,126.797289
395,지하철,서해선,원종,37.5239,126.8049
396,지하철,서해선,김포공항,37.5617,126.8041
397,지하철,일산선,대화,37.676087,126.747569
398,지하철,일산선,주엽,37.670072,126.761334
399,지하철,일산선,정발산,37.659477,126.773359
400,지하철,일산선,마두,37.652206,126.77762
401,지하철,일산선,백석,37.643114,126.78787
402,지하철,일산선,대곡,37.631626,126.811024
403,지하철,일산선,화정,37.634592,126.83265
404,지하철,일산선,원당,37.653324,126.843041
405,지하철,일산선,삼송,37.653083,126.895558
406,지하철,일산선,지축,37.648017,126.91397
407,지하철,일산선,원흥,37.650658,126.872642
408,지하철,경원선,연천,38.10073,127.07372
409,지하철,경원선,전곡,38.02458,127.0718
410,지하철,경원선,초성리,37.98172,127.06912
411,지하철,경원선,소요산,37.9481,127.061034
412,지하철,경원선,동두천,37.927878,127.05479
413,지하철,경원선,보산,37.913702,127.057277
414,지하철,경원선,동두천중앙,37.901885,127.056482
415,지하철,경원선,지행,37.892334,127.055716
416,지하철,경원선,덕정,37.843188,127.061277
417,지하철,경원선,덕계,37.818486,127.056486
418,지하철,경원선,양주,37.774381,127.044708
419,지하철,경원선,녹양,37.75938,127.042292
420,지하철,경원선,가능,37.748577,127.044213
421,지하철,경원선,의정부,37.738415,127.045958
422,지하철,경원선,회룡,37.724416,127.04736
423,지하철,경원선,망월사,37.709914,127.047455
424,지하철,경원선,도봉산,37.689534,127.046049
425,지하철,경원선,도봉,37.679563,127.045595
426,지하철,경원선,방학,37.667503,127.044273
427,지하철,수인선,인천,37.476403,126.617326
428,지하철,수인선,신포,37.46874,126.623853
429,지하철,수인선,숭의,37.460789,126.638297
430,지하철,수인선,인하대,37.448493,126.649619
431,지하철,수인선,송도,37.428514,126.657772
432,지하철,수인선,연수,37.417804,126.67894
433,지하철,수인선,원인재,37.413049,126.686648
434,지하철,수인선,남동인더스파크,37.407722,126.695216
435,지하철,수인선,호구포,37.401637,126.708627
436,지하철,수인선,인천논현,37.400614,126.722478
437,지하철,수인선,소래포구,37.40095,126.733522
438,지하철,수인선,월곶,37.391769,126.742699
439,지하철,수인선,달월,37.379681,126.745177
440,지하철,수인선,사리,37.28998,126.85685
441,지하철,수인선,야목,37.264179,126.879483
442,지하철,수인선,어천,37.250102,126.90879
443,지하철,수인선,오목천,37.24304,126.963676
444,지하철,수인선,고색,37.24963,126.980248
445,지하철,분당선,매교,37.265481,127.015678
446,지하철,분당선,수원시청,37.261911,127.030736
447,지하철,분당선,매탄권선,37.252759,127.040566
448,지하철,분당선,망포,37.245795,127.057353
449,지하철,분당선,영통,37.251568,127.071394
450,지하철,분당선,청명,37.259489,127.078934
451,지하철,분당선,상갈,37.26181,127.108847
452,지하철,분당선,기흥,37.275061,127.11591
453,지하철,분당선,신갈,37.286102,127.111313
454,지하철,분당선,구성,37.298969,127.105664
455,지하철,분당선,죽전,37.324753,127.107395
456,지하철,분당선,보정,37.312752,127.108196
457,지하철,분당선,이매,37.395371,127.128248
458,지하철,분당선,오리,37.339824,127.108942
459,지하철,분당선,미금,37.350077,127.10891
460,지하철,분당선,정자,37.365994,127.10807
461,지하철,분당선,수내,37.378455,127.114322
462,지하철,분당선,서현,37.385126,127.123592
463,지하철,분당선,야탑,37.411185,127.128715
464,지하철,분당선,모란,37.432052,127.129104
465,지하철,분당선,태평,37.440019,127.127709
466,지하철,분당선,가천대,37.448605,127.126697
467,지하철,분당선,선정릉,37.510735,127.043677
468,지하철,분당선,강남구청,37.517469,127.041151
469,지하철,분당선,압구정로데오,37.527381,127.040534
470,지하철,분당선,서울숲,37.543617,127.044707
471,지하철,분당선,수원,37.265917,126.999422
472,지하철,경인선,도화,37.46607,126.668672
473,지하철,경인선,중동,37.486562,126.764843
474,지하철,경인선,온수(성공회대입구),37.492433,126.824086
475,지하철,경인선,도원,37.468446,126.642706
476,지하철,경인선,간석,37.464737,126.694181
477,지하철,경인선,부개,37.488418,126.74109
478,지하철,경인선,소사,37.482753,126.79544
479,지하철,경인선,구일,37.496756,126.870793
480,지하철,경인선,인천,37.476079,126.616801
481,지하철,경인선,동인천,37.475276,126.632802
482,지하철,경인선,제물포,37.466769,126.656666
483,지하철,경인선,주안,37.465047,126.679742
484,지하철,경인선,동암,37.471408,126.702896
485,지하철,경인선,백운,37.483664,126.707704
486,지하철,경인선,부평,37.489445,126.724506
487,지하철,경인선,송내,37.4876,126.753664
488,지하철,경인선,부천,37.48405,126.782686
489,지하철,경인선,역곡,37.485178,126.811502
490,지하철,경인선,오류동,37.494526,126.845365
491,지하철,경인선,개봉,37.494594,126.85968
492,지하철,안산선,수리산,37.349801,126.925365
493,지하철,안산선,오이도,37.362357,126.738714
494,지하철,안산선,정왕,37.351735,126.742989
495,지하철,안산선,신길온천,37.338212,126.765844
496,지하철,안산선,안산,37.327082,126.788532
497,지하철,안산선,초지,37.320646,126.805913
498,지하철,안산선,고잔,37.316784,126.823144
499,지하철,안산선,중앙,37.315941,126.838573
500,지하철,안산선,한대앞,37.309689,126.85344
501,지하철,안산선,상록수,37.302795,126.866489
502,지하철,안산선,반월,37.312212,126.903524
503,지하철,안산선,대야미,37.328467,126.917332
504,지하철,안산선,산본,37.358101,126.933274
505,지하철,경부선,광명,37.416182,126.884466
506,지하철,경부선,서동탄,37.195504,127.051672
507,지하철,경부선,당정,37.344285,126.948345
508,지하철,경부선,천안,36.810005,127.146826
509,지하철,경부선,두정,36.833705,127.14896
510,지하철,경부선,직산,36.870593,127.143904
511,지하철,경부선,성환,36.916076,127.126964
512,지하철,경부선,평택,36.990726,127.085159
513,지하철,경부선,지제,37.0188,127.070444
514,지하철,경부선,서정리,37.056496,127.052819
515,지하철,경부선,송탄,37.075696,127.054301
516,지하철,경부선,진위,37.109447,127.062278
517,지하철,경부선,오산,37.145885,127.06672
518,지하철,경부선,오산대,37.168953,127.063197
519,지하철,경부선,세마,37.187533,127.04318
520,지하철,경부선,병점,37.207503,127.032731
521,지하철,경부선,세류,37.245025,127.013222
522,지하철,경부선,독산,37.466613,126.889249
523,지하철,경부선,수원,37.266348,126.999561
524,지하철,경부선,화서,37.283862,126.989627
525,지하철,경부선,성균관대,37.300349,126.97075
526,지하철,경부선,의왕,37.320852,126.948217
527,지하철,경부선,군포,37.35356,126.948462
528,지하철,경부선,금정,37.372221,126.943429
529,지하철,경부선,명학,37.384653,126.935433
530,지하철,경부선,안양,37.401592,126.922874
531,지하철,경부선,관악,37.419232,126.908706
532,지하철,경부선,석수,37.435047,126.902295
533,지하철,경부선,금천구청,37.455626,126.89398
534,지하철,경부선,가산디지털단지,37.481581,126.882581
535,지하철,경부선,구로,37.503039,126.881966
536,지하철,경강선,성남,37.39468,127.11945
537,지하철,경강선,여주,37.282308,127.628816
538,지하철,경강선,세종대왕릉,37.295309,127.570938
539,지하철,경강선,부발,37.260192,127.490277
540,지하철,경강선,이천,37.265579,127.44226
541,지하철,경강선,신둔도예촌,37.317185,127.40476
542,지하철,경강선,곤지암,37.351315,127.34674
543,지하철,경강선,초월,37.374419,127.299
544,지하철,경강선,경기광주,37.399907,127.25263
545,지하철,경강선,삼동,37.409522,127.20336
546,지하철,경강선,이매,37.394655,127.127819
547,지하철,경강선,판교,37.394761,127.111217
548,지하철,과천선,금정,37.372209,126.943417
549,지하철,과천선,범계,37.389793,126.950806
550,지하철,과천선,평촌,37.394287,126.963883
551,지하철,과천선,인덕원,37.401553,126.976715
552,지하철,과천선,정부과천청사,37.426513,126.98978
553,지하철,과천선,과천,37.433021,126.996568
554,지하철,과천선,대공원,37.435675,127.006523
555,지하철,과천선,경마공원,37.443885,127.007888
556,지하철,과천선,선바위,37.451673,127.002303
557,지하철,장항선,신창(순천향대),36.769502,126.951108
558,지하철,장항선,온양온천,36.780483,127.003249
559,지하철,장항선,배방,36.777629,127.052991
560,지하철,장항선,탕정,36.78866,127.08485
561,지하철,장항선,아산,36.792053,127.104361
562,지하철,장항선,쌍용(나사렛대),36.793759,127.1214
563,지하철,장항선,봉명,36.801215,127.135763
564,지하철,경춘선,춘천,37.885054,127.717023
565,지하철,경춘선,남춘천,37.864007,127.723792
566,지하철,경춘선,김유정,37.818466,127.71434
567,지하철,경춘선,강촌,37.805723,127.634146
568,지하철,경춘선,백양리,37.830779,127.58933
569,지하철,경춘선,굴봉산,37.832067,127.557695
570,지하철,경춘선,가평,37.814536,127.510739
571,지하철,경춘선,상천,37.770246,127.454821
572,지하철,경춘선,청평,37.735488,127.42661
573,지하철,경춘선,대성리,37.684071,127.379319
574,지하철,경춘선,마석,37.652782,127.311767
575,지하철,경춘선,천마산,37.658978,127.285379
576,지하철,경춘선,평내호평,37.653225,127.244493
577,지하철,경춘선,금곡,37.637382,127.207853
578,지하철,경춘선,사릉,37.65108,127.176933
579,지하철,경춘선,퇴계원,37.648311,127.143952
580,지하철,경춘선,별내,37.64202,127.12684
581,지하철,경춘선,갈매,37.634118,127.114757
582,지하철,경춘선,신내,37.612887,127.103218
583,지하철,경의중앙선,디지털미디어시티,37.577475,126.900453
584,지하철,경의중앙선,홍대입구,37.557641,126.926683
585,지하철,경의중앙선,공덕,37.542596,126.952099
586,지하철,경의중앙선,서울역,37.557231,126.97103
587,지하철,경의중앙선,운천,37.879942,126.769999
588,지하철,경의중앙선,임진강,37.888421,126.746765
589,지하철,경의중앙선,문산,37.854619,126.788047
590,지하철,경의중앙선,파주,37.815298,126.792783
591,지하철,경의중앙선,월롱,37.796188,126.792587
592,지하철,경의중앙선,금촌,37.766217,126.774644
593,지하철,경의중앙선,금릉,37.751322,126.765347
594,지하철,경의중앙선,운정,37.725826,126.767257
595,지하철,경의중앙선,야당,37.712327,126.761356
596,지하철,경의중앙선,탄현,37.694023,126.761086
597,지하철,경의중앙선,일산,37.682077,126.769846
598,지하철,경의중앙선,풍산,37.672346,126.786243
599,지하철,경의중앙선,백마,37.658239,126.794461
600,지하철,경의중앙선,곡산,37.645676,126.801762
601,지하철,경의중앙선,능곡,37.618808,126.820783
602,지하철,경의중앙선,행신,37.612102,126.834146
603,지하철,경의중앙선,강매,37.612314,126.843223
604,지하철,경의중앙선,화전,37.602888,126.868387
605,지하철,경의중앙선,수색,37.580842,126.895611
606,지하철,경의중앙선,디지털미디어시티,37.577475,126.900453
607,지하철,경의중앙선,가좌,37.568491,126.915487
608,지하철,경의중앙선,홍대입구,37.557641,126.926683
609,지하철,경의중앙선,서강대,37.551881,126.935711
610,지하철,경의중앙선,공덕,37.542596,126.952099
611,지하철,경의중앙선,효창공원앞,37.538579,126.96221
612,지하철,경의중앙선,신촌,37.559733,126.942597
613,지하철,경의중앙선,서울역,37.557231,126.97103
614,지하철,중앙선,지평,37.476393,127.629874
615,지하철,중앙선,용문,37.48223,127.594647
616,지하철,중앙선,원덕,37.468672,127.547076
617,지하철,중앙선,양평,37.492773,127.491837
618,지하철,중앙선,오빈,37.506062,127.473868
619,지하철,중앙선,아신,37.51382,127.443173
620,지하철,중앙선,국수,37.516169,127.399367
621,지하철,중앙선,신원,37.525545,127.372921
622,지하철,중앙선,양수,37.545981,127.329098
623,지하철,중앙선,운길산,37.554669,127.310115
624,지하철,중앙선,팔당,37.547371,127.243939
625,지하철,중앙선,도심,37.579622,127.222672
626,지하철,중앙선,덕소,37.586781,127.208832
627,지하철,중앙선,양정,37.60533,127.19364
628,지하철,중앙선,도농,37.608806,127.161153
629,지하철,중앙선,구리,37.603392,127.143869
630,지하철,중앙선,양원,37.606596,127.107906
631,지하철,중앙선,망우,37.59955,127.091909
632,지하철,중앙선,상봉(시외버스터미널),37.596678,127.08504
633,지하철,중앙선,중랑,37.594917,127.076116
634,지하철,경부선,신길,37.516862,126.917865
635,지하철,분당선,복정,37.470345,127.126658
636,지하철,분당선,수서,37.487472,127.101422
637,지하철,분당선,대모산입구,37.491373,127.07272
638,지하철,분당선,개포동,37.489116,127.06614
639,지하철,분당선,구룡,37.486839,127.058856
640,지하철,분당선,도곡,37.491224,127.055186
641,지하철,분당선,한티,37.496237,127.052873
642,지하철,분당선,선릉,37.504856,127.048807
643,지하철,경원선,창동,37.653007,127.047806
644,지하철,경원선,녹천,37.644799,127.051269
645,지하철,경원선,월계,37.633212,127.058831
646,지하철,경원선,광운대,37.623632,127.061835
647,지하철,경원선,석계,37.614532,127.065934
648,지하철,경원선,신이문,37.601854,127.067325
649,지하철,경원선,외대앞,37.596073,127.063549
650,지하철,중앙선,회기,37.58946,127.057583
651,지하철,경원선,청량리(서울시립대입구),37.580759,127.0483
652,지하철,경원선,왕십리(성동구청),37.561827,127.038352
653,지하철,경원선,응봉,37.549946,127.034538
654,지하철,경원선,옥수,37.540446,127.018672
655,지하철,경원선,한남,37.52943,127.009169
656,지하철,경원선,서빙고,37.519594,126.988537
657,지하철,경원선,이촌(국립중앙박물관),37.522427,126.973406
658,지하철,경부선,신도림,37.508787,126.891144
659,지하철,경부선,영등포,37.515504,126.907628
660,지하철,경부선,대방,37.513342,126.926382
661,지하철,경부선,노량진,37.514149,126.94271
662,지하철,경부선,용산,37.529849,126.964561
663,지하철,경부선,남영,37.541021,126.9713
664,지하철,경부선,서울역,37.554337,126.971134
665,지하철,4호선,남태령,37.463873,126.989134
666,지하철,4호선,사당,37.476955,126.981651
667,지하철,4호선,총신대입구(이수),37.486263,126.981989
668,지하철,4호선,동작(현충원),37.502852,126.980347
669,지하철,4호선,이촌(국립중앙박물관),37.522295,126.974733
670,지하철,4호선,신용산,37.52917,126.967894
671,지하철,4호선,삼각지,37.534075,126.9726
672,지하철,4호선,숙대입구(갈월),37.54456,126.972106
673,지하철,4호선,서울역,37.55281,126.972556
674,지하철,4호선,회현(남대문시장),37.558514,126.978246
675,지하철,4호선,명동,37.560989,126.986325
676,지하철,4호선,충무로,37.561207,126.99408
677,지하철,4호선,동대문역사문화공원,37.565133,127.007885
678,지하철,4호선,동대문,37.57093,127.009287
679,지하철,4호선,혜화,37.582336,127.001844
680,지하철,4호선,한성대입구(삼선교),37.588458,127.006221
681,지하철,4호선,성신여대입구(돈암),37.592612,127.016441
682,지하철,4호선,길음,37.603407,127.025053
683,지하철,4호선,미아사거리,37.613292,127.030053
684,지하철,4호선,미아(서울사이버대학),37.62667,127.025983
685,지하철,4호선,수유(강북구청),37.638052,127.025732
686,지하철,4호선,쌍문,37.648627,127.034709
687,지하철,4호선,창동,37.653088,127.047274
688,지하철,4호선,노원,37.65627,127.063276
689,지하철,4호선,상계,37.660878,127.073572
690,지하철,4호선,당고개,37.670272,127.079066
691,지하철,진접선,별내별가람,37.66778,127.11581
692,지하철,진접선,오남,37.705,127.19281
693,지하철,진접선,진접,37.7205,127.2034
694,지하철,3호선,오금,37.502129,127.128319
695,지하철,3호선,경찰병원,37.495918,127.12454
696,지하철,3호선,가락시장,37.492245,127.117757
697,지하철,3호선,수서,37.487378,127.101907
698,지하철,3호선,일원,37.483681,127.08439
699,지하철,3호선,대청,37.493514,127.079532
700,지하철,3호선,학여울,37.496663,127.070594
701,지하철,3호선,대치,37.494612,127.063642
702,지하철,3호선,도곡,37.490922,127.055452
703,지하철,3호선,매봉,37.486947,127.046769
704,지하철,3호선,양재(서초구청),37.484477,127.033902
705,지하철,3호선,남부터미널(예술의전당),37.485013,127.016189
706,지하철,3호선,교대(법원.검찰청),37.493025,127.013786
707,지하철,3호선,고속터미널,37.504891,127.004916
708,지하철,3호선,잠원,37.512759,127.01122
709,지하철,3호선,신사,37.516334,127.020114
710,지하철,3호선,압구정,37.527072,127.028461
711,지하철,3호선,옥수,37.541684,127.017269
712,지하철,3호선,금호,37.548034,127.015872
713,지하철,3호선,약수,37.554867,127.010541
714,지하철,3호선,동대입구,37.559052,127.005602
715,지하철,3호선,충무로,37.56143,126.994072
716,지하철,3호선,을지로3가,37.566672,126.992548
717,지하철,3호선,종로3가,37.571605,126.991791
718,지하철,3호선,안국,37.576477,126.985443
719,지하철,3호선,경복궁(정부서울청사),37.575762,126.97353
720,지하철,3호선,독립문,37.574571,126.957748
721,지하철,3호선,무악재,37.582299,126.950291
722,지하철,3호선,홍제,37.589066,126.943736
723,지하철,3호선,녹번,37.600927,126.935756
724,지하철,3호선,불광,37.610553,126.92982
725,지하철,3호선,연신내,37.619229,126.921038
726,지하철,3호선,구파발,37.636763,126.918821
727,지하철,3호선,지축,37.648033,126.913917
728,지하철,2호선,용두(동대문구청),37.574028,127.038091
729,지하철,2호선,신정네거리,37.520074,126.852912
730,지하철,2호선,양천구청,37.512398,126.865819
731,지하철,2호선,도림천,37.514287,126.882768
732,지하철,2호선,신설동,37.574747,127.024932
733,지하철,2호선,신답,37.57004,127.046481
734,지하철,2호선,용답,37.561904,127.050899
735,지하철,2호선,충정로(경기대입구),37.559704,126.964378
736,지하철,2호선,아현,37.557345,126.956141
737,지하철,2호선,이대,37.556733,126.946013
738,지하철,2호선,신촌,37.555131,126.936926
739,지하철,2호선,홍대입구,37.55679,126.923708
740,지하철,2호선,합정,37.549457,126.913808
741,지하철,2호선,당산,37.534946,126.902767
742,지하철,2호선,영등포구청,37.525706,126.89661
743,지하철,2호선,문래,37.517933,126.89476
744,지하철,2호선,신도림,37.508961,126.891084
745,지하철,2호선,대림(구로구청),37.493243,126.894932
746,지하철,2호선,구로디지털단지,37.485266,126.901401
747,지하철,2호선,신대방,37.487462,126.913149
748,지하철,2호선,신림,37.484201,126.929715
749,지하철,2호선,봉천,37.482362,126.941892
750,지하철,2호선,서울대입구(관악구청),37.481247,126.952739
751,지하철,2호선,낙성대,37.47693,126.963693
752,지하철,2호선,사당,37.476538,126.981544
753,지하철,2호선,방배,37.481426,126.997596
754,지하철,2호선,서초,37.491897,127.007917
755,지하철,2호선,교대(법원.검찰청),37.493961,127.014667
756,지하철,2호선,강남,37.49799,127.027912
757,지하철,2호선,역삼,37.500622,127.036456
758,지하철,2호선,선릉,37.504286,127.048203
759,지하철,2호선,삼성(무역센터),37.508844,127.06316
760,지하철,2호선,종합운동장,37.511022,127.073704
761,지하철,2호선,잠실새내,37.511687,127.086162
762,지하철,2호선,잠실(송파구청),37.513262,127.100159
763,지하철,2호선,잠실나루,37.520733,127.10379
764,지하철,2호선,강변(동서울터미널),37.535095,127.094681
765,지하철,2호선,구의(광진구청),37.537077,127.085916
766,지하철,2호선,건대입구,37.540373,127.069191
767,지하철,2호선,성수,37.544581,127.055961
768,지하철,2호선,뚝섬,37.547184,127.047367
769,지하철,2호선,한양대,37.555273,127.043655
770,지하철,2호선,왕십리(성동구청),37.561238,127.036954
771,지하철,2호선,상왕십리,37.564354,127.029354
772,지하철,2호선,신당,37.56564,127.019614
773,지하철,2호선,동대문역사문화공원,37.565613,127.009054
774,지하철,2호선,을지로4가,37.566595,126.997817
775,지하철,2호선,을지로3가,37.566306,126.991696
776,지하철,2호선,을지로입구,37.566014,126.982618
777,지하철,2호선,시청,37.563588,126.975411
778,지하철,1호선,동묘앞,37.573197,127.01648
779,지하철,1호선,청량리(서울시립대입구),37.579956,127.044585
780,지하철,1호선,제기동,37.578103,127.034893
781,지하철,1호선,신설동,37.576048,127.024634
782,지하철,1호선,동대문,37.571687,127.01093
783,지하철,1호선,종로5가,37.570926,127.001849
784,지하철,1호선,종로3가,37.570406,126.991847
785,지하철,1호선,종각,37.570161,126.982923
786,지하철,1호선,시청,37.565715,126.977088
787,지하철,1호선,서울역,37.556228,126.972135
